Sample Name,Mineralogy,Material,N,D47,D47error
Leeds 41,D,Synthetic,6,0.348,0.010206207
Leeds 84,D,Synthetic,12,0.311,0.005196152
Leeds 85,D,Synthetic,16,0.316,0.007
Leeds 86,D,Synthetic,11,0.32,0.005125693
Ab-1,A,Natural,3,0.7679185,0.006014206
Ab-2,A,Natural,3,0.76607542,0.003810004
Ab-3,A,Natural,3,0.74889223,0.011662776
Ac-1_B-12,A,Natural,6,0.77348394,0.00113709
Ac-1_B-14,A,Natural,3,0.77808716,0.003093997
Ac-2,A,Natural,3,0.74983746,0.006458471
Brach-m1,C,Natural,3,0.75385961,0.001437371
Brach-m2,C,Natural,3,0.76021853,0.008597098
Cc-1_B-12,A,Natural,3,0.75197465,0.006084539